第一作者,最后作者,年份,期刊,研究,文章_编号,自我参照效应定义(字面),由对照点定义的自我参照效应,标准化的控制条件,任务名称,"是否偏离Rogers, 1977",实验设计,自变量1,自变量2,自变量3,刺激_模态,刺激_内容,刺激_类型,任务_阶段1_名称,任务_阶段2_名称,任务_阶段1_是否在扫描仪内,任务_阶段1_反应类型,任务_阶段1_反应方式,任务_阶段1_总试次,任务_阶段1_每区块(block)内试次,任务_阶段2_是否在扫描仪内,任务_阶段2_反应类型,任务_阶段2_反应方式,任务_阶段2_总试次,任务_阶段2_每区块(block)内试次,功能核磁共振_数据提取_系统,功能核磁共振_数据提取_磁场,功能核磁共振_软件_数据分析,功能核磁共振_结果_条件,功能核磁共振_结果_文件名称
Bach,Leménager,2021,European Archives of Psychiatry and Clinical Neuroscience,1,Bach_2021_ EurArchPsychiatryClinNeurosci,As the cognitive representation of beliefs about oneself,self > familiar + unknown person,self>stranger,self_rating,yes,within,"self, familiar other and unknown other",NA,NA,visual_auditory,video,"positive, negative",watch_calculate,NA,yes,NA,NA,12,4,NA,NA,NA,NA,NA,Tesla MR scanner,3T,SPM12,"self, familiar other, unknown other",Bach_2021_ EurArchPsychiatryClinNeurosci.txt
Benoit,Burgess,2010,NeuroImage,1,Benoit_2010_Neurolmage,NA,"self>syllables, self>other","self>close,self>nonPerson",trait_judgment,no,within,"self, Friend, Syllables","Sure yes, Unsure yes, Unsure no, Sure no",NA,visual,traits,number of syllables,rating,retrieval_out_scanner,yes,"sure yes, unsure yes, unsure no, sure no",press keys,180,45,no,"yes, sure yes, unsure yes, unsure no, sure no",press keys,180,45,Siemens Avanto MRI scanner,1.5T,SPM5,"self, firend, syllables",NA
Chen,Heatherton,2015,Cult Brain,1,Chen_2015_CultBrain,NA,self >mother,self>close,trait_judgment,no,within,"self, mother, font",NA,NA,visual,traits,"positive, negative",judgment,NA,yes,"yes,no",NA,240,60,NA,NA,NA,NA,NA,Philips Intera Achieva,3T,SPM8,"self, mother, font",Chen_2015_CultBrain.txt
Cikara,Saxe,2014,Neuroimage,1,Cikara_2014_Neuroimage,NA,self>other,self>celebrity,trait_judgment,no,within,"self, other",NA,NA,visual,statements,"positive, negative",judgment,NA,yes,"yes,no",press buttons,160,10,NA,NA,NA,NA,NA,Siemens Magnetom Tim Trio,3T,SPM8,"self, other",Cikara_2014_NeuroImage.txt
D'Argembeau,Salmon,2007,Journal of Cogntive Neuroscience,1,D'Argembeau_2007_JCognNeurosci,NA,"self>other, third person perspective > first person perspective",self>close,trait_judgment,yes,within,"first person perspective, thid person perspective","self, other",NA,visual,traits,NA,rating,NA,yes,"not at all, a little, quite well, completely",press buttons,160,4,NA,NA,NA,NA,NA,"Siemens, Allegra, Erlangen, Germany",3T,SPM2,"self, other",D'Argembeau_2007_JCognNeurosci.txt
Fields,Kuperberg,2019,Social Cognitive and Affective Neuroscience,1,Fields_2019_SocCognAffectNeurosci,Self-positivity bias: people tend to view themselves in an unrealistically positive light when compared to others or objective standards.,self > other,self>nonPerson,trait_judgmnet,no,within,"self, non-self",NA,NA,visual,two-sentences scenarios,"positive, negative, neutral",judgment,NA,yes,NA,answer questions,2166,216,NA,NA,NA,NA,NA,Siemens Trio scanner,3T,SPM8,"self, non-self",Fields_2019_SocCognAffectNeurosci.txt
Fossati,Mayberg,2003,American Journal of Psychiatry,1,Fossati_2003_AmJPsychiatry,NA,self>other,self>nonPerson,trait_judgment,no,within,"self-referential processing, other-referential processing, and letter recognition",NA,NA,visual,traits,"positive, negative",judgment,retrieval_out_scanner,yes,"yes,no",press buttons,120,10,no,"yes,no",press buttons,NA,NA,General Electric Medical Systems,1.5T,AFNI,"self, other, letter-recognition",Fossati_2003_AmJPsychiatry.txt
Gutchess,Schacter,2007,Social Neuroscience,1,Gutchess_2007_SocNeurosci,The self-reference effect (self vs. other person),self.young>other.young,self>celebrity,trait_judgment,no,between,"self, other, case","young, elderly",NA,visual,traits,"positive, negative",judgment,retrieval_out_scanner,yes,"yes,no",press buttons,144,48,no,"yes,no",press buttons,144,NA,Siemens Allegra scanner,3T,SPM2,"self, other, case",Gutchess_2007_SocNeurosci.txt
Gutchess,Schacter,2010,Social Neuroscience,2,Gutchess_2010_SocNeurosci,The self-reference effect (self vs. other person),self remembered > other remembered,self>celebrity,trait_judgment,no,between,"self, other, case","young, elderly",NA,visual,traits,"positive, negative",judgment,retrieval_out_scanner,yes,"yes,no",press buttons,144,48,no,"yes,no",press buttons,144,NA,Siemens Allegra scanner,3T,SPM2,"self, other, case",Gutchess_2010_SocNeurosci.txt
Han,Ma,2008,Social Neuroscience,1,Han_2008_SocNeurosci-UK,NA,self>font-judgment,self>nonPerson,trait_judgment,yes,mixed,"self, Jesus, Sakyamuni, Famous(Zhu-Rongji), Font","non-religious, Christians",NA,visual,traits,"positive, negative",judgment,retrieval_out_scanner,yes,"yes,no",press buttons,240,80,no,"old, new",press buttons,NA,NA,Siemens Trio MR scanner,3T,SPM2,"self, Jesus, Sakyamuni, Famous(Zhu-Rongji), Font",Han_2008_SocNeurosci-UK.txt
Han,Ma,2010,Social Cognitive and Affective Neuroscience,1,Han_2010_SocCognAffectNeurosci,NA,"self>font, self>Zhu Rongji, self >Sakyamuni, self>Jesus","self>celebrity,self>nonPerson",trait_judgment,no,within,"self, Jesus, Sakyamuni, Famous(Zhu-Rongji), Font",NA,NA,visual,traits,"positive, negative",judgment,retrievalRK_out_scanner,yes,"yes,no",press buttons,240,80,no,"old, new",press buttons,NA,NA,Siemens Trio MR scanner,3T,SPM2,"self, Jesus, Sakyamuni, Famous(Zhu-Rongji), Font",Han_2010_SocCognAffectNeurosci.txt
Heatherton,Kelley,2006,Social Cognitive and Affective Neuroscience,1,Heatherton_2006_SCAN,NA,self > friend,"self>close,self>nonPerson",trait_judgment,no,within,"self, friend, case",NA,NA,visual,traits,"positive, negative",judgment,retrieval_out_scanner,yes,"yes,no",press buttons,75,15,no,"yes,no",NA,180,NA,GE Signa Scanner,1.5,SPM99,"self, friend, case",Heatherton_2006_SCAN.txt
Herold,Bermpohl,2016,Brain Struct Funct,1,Herold_2015_BrainStructFunct,"Self-referential processing, broadly defined by processing of information related to one's own person",self>social,self>nonPerson,trait_judgment,yes,within,"self, non-self","social, non-social",NA,visual,pictures,"social,non-social",judgment,retrieval_in_scanner,yes,"yes,no",press buttons,160,NA,NA,NA,NA,NA,NA,Siemens Sonata scanner,1.5T,SPM8,"self, social",Herold_2015_BrainStructFunct.txt
Herold,Felix Bermpohl,2017,Journal of Affective Disorders,1,Herold_2017_JAffectDisord,"Self-referential processing, the processing of stimuli related to one's own self, and its neural correlates",self>non-self,self>nonPerson,trait_judgment,no,between,"self-referential, non-self-referential","Healthy, unhealthy",NA,visual,pictures,"positive, negative, neutral",judgment,retrieval_in_scanner,yes,"yes,no",press buttons,NA,NA,yes,"yes,no",press buttons,40,10,Siemens Sonata scanner,1.5 T,SPM8,self-referential; non-self referential,NA
Hornung,Derntl,2019,Frontiers in Behavioral Neuroscience,1,Hornung_2019_FrontBehavNeurosci,NA,self>other,"self>celebrity,self>nonPerson",trait_judgment,yes,within,"male, female","self, typical other man, typical other woman, and lexical",NA,visual,traits,"femininity, masculinity",judgment,NA,yes,"yes,no",press buttons,NA,NA,NA,NA,NA,NA,NA,Tesla Siemens MR Scanner,3T,SPM12,"self, typical other man, typical other woman, and lexical",Hornung_2019_FrontBehavNeurosci.txt
Jenkins,Mitchell,2011,Social Neuroscience,1,Jenkins_2011_SocNeurosci,NA,"self>other(judgments about mental states/personality, physical attribute)",self>celebrity,trait_judgment,yes,within,"personality traits, mental states, and physical attributes","self, other",NA,visual,traits,"personality , mental, physical",rating,NA,yes,"yes-no evaluation, 1-4",press buttons,240,NA,NA,NA,NA,NA,NA,Siemens Trio,3T,SPM2,"self, other",Jenkins_2011_SocNeurosci.txt
Kedia,Linden,2017,Social Neuroscience,1,Kedia_2017_SocNeurosci,NA,self-other >familiar-other,self>close,attractive_judgment,yes,within,self-other; familiar-other,upward; downward,low; high,visual,pictures,"positive, negative",judgment,NA,yes,"yes,no",Press buttons,240,80,NA,NA,NA,NA,NA,GT HDx system,3T,SPM8,self-other; familiar-other,Kedia_2017_SocNeurosci.txt
Kelly,Heatherton,2002,Journal of Cogntive Neuroscience,1,Kelly_2002_JCognNeurosci,NA,self>other,self>celebrity,trait_judgment,no,within,"self, other(President Bush), case",NA,NA,visual,traits,"positive, negative",judgment,retrieval_out_scanner,yes,"yes,no",press keys,150,75,no,"old, new",press keys,180,NA,GE Signa Scanner,1.5T,SPM99,"self, Other(President Bush), Case",Kelly_2002_JCognNeurosci.txt
Knyazev,Rudych,2020,Frontiers in Human Neuroscience,1,Knyazev_2020_FrontHumNeurosci,NA,me >friends>stranger>unpleasant,self>close,trait_judgment,yes,within,"me, friend, stranger, unpleasant","negative, neutral, positive",NA,visual,traits,"positive, negative, neutral",judgment,NA,yes,"yes,no",press buttons,360,90,NA,NA,NA,NA,NA,Philips Ingenia 7FN8GDI,3T,SPM12,"self, friend, stranger, unpleasant",Knyazev_2020_FrontHumNeurosci.txt
Koski,Beer,2020,NeuroImage,1,Koski_2020_Neurolmage,NA,self>unrelated other,NA,trait_judgment,no,within,"self, minimally-related other, unrelated other",NA,NA,visual,traits,"positive, negative",judgment,retrieval_out_scanner,yes,"yes,no",press buttons,300,NA,no,confidence evaluation; 1-3,NA,600,600,Siemens Skyra MRI scanner,3T,SPM5,"self, minimally-related other, unrelated other",Koski_2020_NeuroImage_exp1.txt
Koski,Beer,2020,NeuroImage,2,Koski_2020_Neurolmage,NA,self>unrelated other,self>stranger,trait_judgment,no,within,"self, minimally-related other, unrelated other","Prime, paired self-evaluation",NA,visual,traits,"positive, negative",judgment,retrievalRK_out_scanner,no,"yes-no evaluation, 1-4",press buttons,360,NA,NA,NA,NA,NA,NA,Siemens Skyra MRI scanner,3T,SPM5,"self, minimally-related other, unrelated other",Koski_2020_NeuroImage_exp2.txt
L. Zhu,Yang,2012,Hippocampus,1,L.Zhu_2012_Hippocampus,"In the psychological literature, this task-dependent subsequent memory effect is termed as self-reference effect in memory","self relevant > self irrelavant, other-relevant > other-irrelevant, self > other",self>celebrity,trait_judgmnet,no,within,"self, other","self-relevant ,self-irrelevant items",NA,visual,traits,"positive,negative",judgment,retrieval_in_scanner,yes,"yes,no",press buttons,200,NA,yes,new-old evaluation: 1-6,press buttons,300,NA,Siemens Trio scanner,3T,SPM5,"self, other",L.Zhu_2012_Hippocampus.txt
Laurita,Spreng,2020,Social Cognitive and Affective Neuroscience,1,Laurita_2020_SocCognAffectNeurosci,NA,"social > control, partner and self > parent and friend",self>close,trait_judgmnet,no,within,"partner, parent (for young adults) or child (for older adults), close friend, familiar acquaintance, famous person, self and which number control.",NA,NA,visual,traits,"positive, negative",rating,NA,yes,"unlike, like, very like the person",press buttons,350,5,NA,NA,NA,NA,NA,GE Discovery MRI scanner,3T,NA,"partner, parent (for young adults) or child (for older adults), close friend, familiar acquaintance, famous person, self and control",Laurita_2020_SocCognAffectNeurosci.txt
Li,Wu,2019,Neuroscience Letters,1,Li_2019_NeurosciLett,NA,"self > Font,self > Friend,self > famous","self>close,self>celebrity,self>nonPerson",trait_judgment,yes,within,"self, friend, famous, font","first-person, third-person",NA,visual,traits,"positive, negative",judgment,retrievalRK_out_scanner,yes,NA,press buttons,192,16,no,"old, new; know, remember",press keys,384,NA,Siemens Trio scanner,3T,SPM8,"self, friend, famous, font",Li_2019_NeurosciLett.txt
Long,Cunningham,2020,Cortex,1,Long_2020_Cortex,NA,friend > self,self>close,trait_judgmnet,no,within,"self, a close other","traits, social roles, and group memberships",NA,visual,traits,"traits , roles, groups",judgment,rating_out_scanner,yes,"yes,no",press buttons,200,5,no,degree of agreement evaluation: 1-7,press buttons,NA,NA,Siemens Prisma Scanner,3T,NA,"friend, self",Long_2020_Cortex.txt
Lou,Lisanby,2004,PNAS,1,Lou_2004_PNAS,Conscious self-representation is mandatory. Such explicit autonoetic consciousness is thought to emerge by retrieval of memory of personally experienced events.,"self>Queen,  self>control","self>celebrity,self>nonperson",trait_judgment,no,within,"Oneself, Best Friend, and the Danish Queen",NA,NA,visual,traits,NA,rating,NA,no,yes-no evaluation: 1-6,NA,NA,NA,NA,NA,NA,NA,NA,Advance PET scanner (General Electric),NA,SPM 2,"Oneself, Best Friend, and the Danish Queen",Lou_2004_PNAS.txt
Ma,Han,2011,Brain,2,Ma_2011_Brain_exp2,NA,"self>other, other>valence, valence>rest",self>celebrity,trait_judgment,yes,between,"self,other(Xiang Liu/Xuan Liu),valence","blind,sighted",NA,auditory,statements,"positive,negative",judgment,retrieval_audi_out,yes,"yes,no",press buttons,162,9,no,"old, new",press buttons,120,NA,GE Signa Scanner,3T,SPM2,"self,other(Xiang Liu/Xuan Liu),valence",Ma_2011_Brain_exp2.txt
Ma,Han,2014,SCAN,1,Ma_2014_Brain,NA,Self>Public-figure-judgments,self>celebrity,trait_judgment,no,between,"self, a well-known other","mental, physical, social",NA,visual,traits,"mental, physical, social",judgment,rating_out_scanner,yes,"yes,no",press buttons,400,8,No,degree of agreement evaluation: 1-7,evaluation,NA,NA,Tesla Siemens Trio,3T,SPM2,"self, a well-known other",NA
Martial,D'Argembeau,2018,Brain and Cognition,1,Martial_2018_BrainCogn,"Self concept: a general (context-independent) self-representation and a set of context-dependent selves that represent personal attributes in particular contexts (e.g., as a student, as a daughter).",self general > self specific > other general > other specific,self>nonperson,trait_judgmnet,no,within,"self, a close other","specific contenxt, general context",NA,visual,traits,"positive, negative",rating,rating_out_scanner,yes,"not at all, a little, quite well, completely",press buttons,200,4,no,"difficulty of the the descriptiveness judgment: 1-4, whether specific events come to mind: 1-4",NA,NA,NA,"Magnetom Allegra, Siemens Medical Solutions",3T,SPM12,"self, close other",Martial_2018_BrainCogn.txt
McAdams,Krawczyk,2014,Social Cognitive and Affective Neuroscience,1,McAdams_2014_SCAN,NA,self > friend,self>close,trait_judgment,no,within,"self, friend, reflected","Social, physical",NA,visual,statements,"social, physical",rating,rating_out_scanner,yes,degree of agreement: 1-4,press buttons,144,48,NA,NA,NA,NA,NA,Philips MRI scanner,3T,SPM5,"self, friend, reflected",McAdams_2014_SCAN.txt
Modinos,Leman,2009,PLoS One,1,Modinos_2009_PLoSOne,NA,"self>semantic, other>semantic",self>close,trait_judgment,yes,within,"self, other, Semantic","Social, physical",NA,visual,statements,"positive, negative or physical/personality traits",judgment,NA,yes,"yes,no",press buttons,90,18,NA,NA,NA,NA,NA,Philips Intera MR-scanner,3T,SPM5,"self, Other, Semantic",Modinos_2009_PLoSOne.txt
Modinos,Aleman,2011,Neuropsychology,1,Modinos_2011_Neuropsychology,NA,self > other,"self>close,self>nonPerson",trait_judgment,no,within,"self, acquaintance, semantic",NA,NA,visual,traits,"positive, negative",judgment,NA,yes,"yes,no",press buttons,90,18,NA,NA,NA,NA,NA,Philips Medical Systems,3T,SPM 5,"self, acquaintance, semantic",Modinos_2011_Neuropsychology.txt
Moran,Gabrieli,2011,Journal of Cognitive Neuroscience,1,Moran_2011_JCognNeurosci,NA,self>other,self>close,trait_judgment,yes,within,"self, Mom, Bush","Character, appearence",NA,visual,traits,"character, appearence",judgment,NA,yes,NA,NA,NA,NA,NA,NA,NA,NA,NA,Tim Trio Scanner,3T,SPM2,"self, Mom, Bush",Moran_2011_JCognNeurosci.txt
Noll,Fisher,2018,Social Cognitive and Affective Neuroscience,1,Noll_2018_SocCognAffectNeurosci,NA,self>Change,self>nonPerson,trait_judgment,yes,between,"self, change","developmentally supportive, developmentally unsupportive","primiparous, multiparous",visual,traits,"positive, negative",judgment,NA,yes,"yes,no",Press buttons,104,44687,NA,NA,NA,NA,NA,Siemens Skyra scanner,3T,SPM12,"self, change",Noll_2018_SCAN.txt
Ochsner,D’Esposito,2005,Neuroimage,1,Ochsner_2005_Neuroimage,NA,"self > Syllable,You About self > You About Friend, You about self > You About other",self>nonPerson,trait_judgment,no,within,"self, a close other or a non-close other",NA,NA,visual,traits,"positive, negative",judgment,NA,yes,"yes,no",press buttons,36,12,NA,NA,NA,NA,NA,GE Signa LX Horizon Echospeed Scanner,3T,SPM2,"self, other, syllable",Ochsner_2005_Neuroimage_exp1.txt
Ochsner,D’Esposito,2005,Neuroimage,2,Ochsner_2005_Neuroimage,NA,"self>close,self>stranger","self>close,self>stranger",trait_judgmnet,no,within,"self, a close other or a non-close other","Direct, reflected, normative",NA,NA,traits,"positive, negative",judgment,NA,yes,degree of agreement: 1-4,press buttons,336,44814,NA,NA,NA,NA,NA,GE Signa LX Horizon Echospeed Scanner,3T,SPM2,"self, a close other or a non-close other",Ochsner_2005_Neuroimage_exp2.txt
Oetken,Pohl,2017,Neuropsychologia,1,Oetken_2017_Neuropsychologia,NA,self>celebrity,self>nonPerson,trait_judgment,no,within,"happy, sad and neutral","self, lexical",NA,visual_auditory,traits,"positive, negative",rating,NA,yes,5-point evaluation scale,press buttons,72,12,NA,NA,NA,NA,NA,Siemens MAGNETOM MR scanner,3T,SPM8,"self, lexical",Oetken_2017_Neuropsychologia.txt
Park,An,2020,Australian & New Zealand Journal of Psychiatry,1,Park_2020_AustNZJPsychiatry,NA,self > other,self>close,trait_judgment,no,between,"self, other","first person, third person",NA,visual,traits,"frequency of use, emotional vividness score and pleasantness score",rating,NA,yes,"not at all, a little, quite well, completely",press buttons,160,4,NA,NA,NA,NA,NA,Philips Medical System,3T,SPM12,"self, other",NA
Pauly,Habel,2014,Social Cognitive and Affective Neuroscience,2,Pauly_2014_SCAN,NA,"self> lexical, other>lexical, self > other","self>close,self>nonPerson",trait_judgment,no,within,"self, an intimate person, or a certain letter",NA,NA,visual,traits,"positive, negative",judgment,NA,yes,"yes,no",press buttons,126,42,NA,negative-positive evaluation: -4-4,NA,NA,NA,Phillips MR scanner,3T,SPM 5,"self, Harry Potter",NA
Pfeifer,Dapretto,2007,Journal of Cognitive Neuroscience,1,Pfeifer_2007_JCognNeurosci,NA,"self > Harry Potter,self > rest","self>celebrity,self>nonPerson",trait_judgment,yes,mixed,"self, Harry Potter","self-positive, self-negative, social-positive, social-negative","children, adults",visual,traits,"positive, negative",judgment,NA,yes,"yes,no",press buttons,80,20,NA,NA,NA,NA,NA,Siemens Allegra head-only MRI scanner,3T,SPM99,"self, other",Pfeifer_2007_JCognNeurosci.txt
Powell,Mitchell,2010,Journal of Cognitive Neuroscience,1,Powell_2010_JCognNeurosci_exp2,NA,self > other in conceptual self-reference task/in the Agentic self-reference Task,"self>celebrity,self>nonPerson",trait_judgment,yes,within,self .other,NA,NA,visual,card,"positive, negative",select_card,rating_in_scanner,yes,description evaluation: 1-4/1-5,press buttons,204,NA,no,"old, new",press buttons,412,NA,Siemens Avanto scanner,1.5T,SPM2,"self, other",Powell_2010_JCognNeurosci_exp1.txt
Powell,Mitchell,2010,Journal of Cognitive Neuroscience,2,Powell_2010_JCognNeurosci_exp3,NA,self > other in the Agentic self-reference Task,self>nonPerson,trait_judgmnet,yes,within,"self,other",NA,NA,visual,card,abstract and concrete nouns,select_card,retrieval_in_scanner,yes,description evaluation: 1-4/1-5,press buttons,308,NA,yes,"old, new",press buttons,416,NA,Siemens Trio scanner,3T,SPM2,"self, other",Powell_2010_JCognNeurosci_exp2.txt
Sarsam,Kinderman,2013,PLoS One,1,Sarsam_2013_PLoSOne,NA,self>queen,self>celebrity,trait_judgmnet,no,within,"self, Queen, Case",NA,NA,visual,traits,"positive, negative, neutral",judgment,NA,yes,"yes,no",press buttons,234,NA,NA,NA,NA,NA,NA,Siemens whole-body Trio,3T,BrainVoyager software,"self, queen and case",NA
Schmitz,Johnson,2004,Neuroimage,1,Schmitz_2004_Neuroimage,NA,"self-evaluation > semantic evaluation,self-evaluation > other- evaluation","self>close,self>nonPerson",trait_judgmnet,yes,within,"self-evaluation, significant other-evaluation (OE), non-referential semantic positivity-evaluation (SPE)",NA,NA,visual,traits,"general disposition interactive social characteristics, physical traits",judgment,NA,yes,"yes,no",press buttons,90,5,NA,NA,NA,NA,NA,GE Signa Scanner,3T,SPM99,"self, other, font",Schmitz_2004_NeuroImage.txt
Sul,Kang,2011,Social Neuroscience,1,Sul_2011_Soc Neurosci-UK,"Because information relevant to the self is processed and stored in a more elaborate form than other types of information, individuals tend to remember the words that appear in the self condition better than words in the other or in the font condition. This phenomenon is called the self-reference effect (SRE).",self_Personal + self_Collective > other_personal + other_Collective,NA,trait_judgmnet,no,within,"self, other, font","personal, social",NA,visual,traits,"personal, social",judgment,retrieval_out_scanner,no,"yes,no",press buttons,180,5,no,"old, new",NA,360,NA,ISOL Forte system,3T,SPM8,"self, other, control",NA
Sul,Kang,2011,Social Neuroscience,2,Sul_2011_Soc Neurosci-UK,"Because information relevant to the self is processed and stored in a more elaborate form than other types of information, individuals tend to remember the words that appear in the self condition better than words in the other or in the font condition. This phenomenon is called the self-reference effect (SRE).",self_Personal + self_Collective > other_personal + other_Collective,self>celebrity,trait_judgmnet,no,within,"self, other, font","personal, social",NA,visual,traits,"personal, social",judgment,retrieval_out_scanner,yes,"yes,no",press buttons,180,5,no,"old, new",NA,360,NA,ISOL Forte system,3T,SPM8,"self, other, control",Sul_2011_SocNeurosci-UK_exp2.txt
Van Buuren,Vink,2010,Human Brain Mapping,1,Van_2010_HumBrainMapp,NA,"self > control, self > other(prime-minister)","self>celebrity, self>nonPerson",trait_judgmnet,yes,within,"self, other(Prime minister), control(social desirable)",NA,NA,visual,traits,"positive, negative",judgment,NA,yes,"yes,no",press buttons,40,8,NA,NA,NA,NA,NA,Philips Achieva whole-body MRI scanner,3T,SPM5,"self-referential, non-referential",NA
Van Buuren,Kahn,2012,Schizophrenia Research,1,Vanderwal_2008_Neuroimage,NA,self-referential > non-self-referential,self>nonPerson,trait_judgmnet,no,within,"self-referential, non-referential",NA,NA,visual,traits,"positive, negative",judgment,NA,yes,"yes,no",press buttons,140,28,NA,NA,NA,NA,NA,Philips Achieva whole-body MRI scanner,3T,SPM5,"self, Mother and Abstract Other",NA
Van der Cruijsen,Crone,2017,Brain and Cognition,1,Van_2017_BrainandCogn,NA,self >mother,self>close,trait_judgment,no,within,"self, mother","physical, academic, prosocial",NA,visual,statements,"physical, academic, prosocial; positive, negative",judgment,NA,yes,yes-no evaluation: 1-4,Press buttons,120,60,NA,NA,NA,NA,NA,Philips,3T,SPM8,"self, mother",Van_2017_BrainandCogn.txt
Vanderwal,Schultz,2008,Neuroimage,1,Vanderwal_2008_Neuroimage,NA,self > mother,self>close,trait_judgmnet,no,within,"self, Mother, Abstract other",NA,NA,visual,traits,divided by likeability into thirds,judgment,NA,yes,left or right word,press buttons,405,45,NA,NA,Answer questions,20,10,Siemens Trio Tesla scanner,3T,NA,"self, Mother and Abstract Other",Vanderwal_2008_NeuroImage.txt
W. Yang,Q.Zhang,2013,PLoS One,1,W.Yang_2013_PLoSOne,Self referential processing yields superior memory compared with information encoded using semantic and other-referential encoding strategies.,"self-reference > other-reference, self-reference_forget > self-reference_remember, other-reference_forget > other-reference_remember",self>celebrity,trait_judgment/directed_forgetting,yes,within,"remember, forget","self, other",NA,visual,traits,"positive, negative",rating,NA,yes,"yes,no",press buttons,120,40,no,"old, new",press buttons,NA,NA,"Siemens Magnetom Trio TIM, Erlangen, Germany",3T,SPM8,"self, other",W.Yang_2013_PLoSOne.txt
Wade-Bohleber,Richter,2019,Behavioural Brain Research,1,Wade-Bohleber_2019_BehavBrainRes,NA,self-relevant > control,"self>nonPerson,self>close",arousal_ valence_rating,yes,within,"self, other, control",NA,NA,visual,pictures,"positive, negative, neutral",judgment,retrieval_out_scanner,yes,"Self-Assessment-Manikin, 1-9",NA,48,"18, 18, 12",NA,NA,NA,NA,NA,Philips Intera whole-body MR unit,3T,SPM12,"self, other, control",Wade-Bohleber_2019_BehavBrainRes.txt
Wang,Han,2012,Social Cognitive and Affective Neuroscience,1,Wang_2012_Soc CognAffectNeurosci,NA,"self>Liu-Xiang, self>father, self>best friend, self>FONT","self>close,self>celebrity,self>nonPerson",trait_judgmnet,yes,within,"self, Mother, Father, Best friend, Liu-Xiang, Font",NA,NA,visual,traits,"positive, negative",judgment,NA,yes,"yes,no",press buttons,288,8,no,"old, new",press buttons,384,NA,GE Signa Scanner,3T,SPM2,"self, mother, other, font",Wang_2012_SocCognAffectNeurosci.txt
Wang,Sui,2016,Frontiers in Psychology,1,Wang_2016_FrontPsychol,NA,self>other,self>celebrity,trait_judgment,no,within,"contradictory, non-contradictory","self, other",NA,visual,traits,"positive, negative",judgment,retrieval_out_scanner,yes,"yes,no",Press keys,128,32,NA,NA,NA,NA,NA,Philips Achieva system,3T,SPM8,"self, other",Wang_2016_FrontPsychol.txt
Wu,Zhang,2010,Soc Cogn Affect Neurosci,1,Wu_2010_SCAN,NA,"self>other, self>mother","self>close,self>celebrity",trait_judgmnet,no,between,"self, mother, other, font","Han,Tibetan",NA,visual,traits,"positive, negative",judgment,retrievalRK_out_scanner,yes,"yes,no",press buttons,192,48,no,"old, new",press buttons,384,NA,Siemens Trio scanner,3T,SPM2,"self, other, general knowledge",Wu_2010_SCAN.txt
Y. Zhu,Han,2007,NeuroImage,1,Y. Zhu_2007_Neuroimage,Self-descriptive traits are better remembered than traits descriptive of others (the self-reference effect.,self>font,"self>close,self>stranger,self>nonPerson",trait_judgmnet,no,between,"Western , Chinese","Task: self, mother, other or font",NA,visual,traits,"positive, negative",rating,retrievalRK_out_scanner,yes,"yes,no",press buttons,192,12,no,"old, new",press buttons,384,NA,Siemens Trio scanner,3T,SPM2,"self, mother, other, font",Y. Zhu_2007_NeuroImage.txt
Yamawaki,Tsukiura,2017,Human Brain Mapping,1,Yamawaki_2017_HumBrainMapp,The memory enhancement related to the self is known as the self-reference effect (SRE).,"self > friend , self> other",self>close,friendship_judgment,yes,within,"self, friend, and other",NA,NA,visual,pictures,"male, female",judgment,NA,yes,definitely inappropriate; probably inappropriate; probably appropriate; definitely appropriate,press buttons,216,72,no,"definitely old, probably old; probably new; definitely new",press buttons,288,96,Siemens Trio scanner,3T,SPM8,"self, Friend, and Other",Yamawaki_2017_HumBrainMapp.txt
Yang,Zhang,2012,Neuropsychologia,1,Yang_2012_Neuropsychologia,NA,"self>semantic, other > semantic, self > other","self>close, self>nonPerson",trait_judgmnet,no,within,"self, other, general knowledge",NA,NA,visual,statements,"positive, negative",judgment,retrieval_out_scanner,yes,"like me, unlike me",press buttons,144,48,NA,NA,NA,NA,NA,Siemens TRIO MRI scanner,3T,Brain Voyager QX v2.3 software,"self, other",NA
Yaoi,Osaka,2015,Scientific Reports,1,Yaoi_2015_FrontHumNeurosci,The self-reference effect (SRE) is defined as better recall or recognition performance when the memorized materials refer to the self.,self > other,self>celebrity,trait_judgment,no,within,"self, other",NA,NA,visual,traits,"positive, negative",rating,NA,yes,"almost never, rarely, sometimes, or almost always",Press buttons,NA,NA,yes,"yes,no",press buttons,NA,NA,Siemens MAGNETOM Verio,3T,SPM 5,"self, other",Yaoi_2015_FrontHumNeurosci.txt
Yin,Egner,2021,Frontiers in Human Neuroscience,1,Yin_2021_JNeurosci,A pervasive bias toward preferentially processing self-related information compared with other-related information,"self-friend>friend-stranger, self-friend&self-stranger&friend-stranger>blank",self>celebrity,working_memory_ location,yes,within,"self-match, friend-match, stranger-match",NA,NA,visual,colored circle,colored circle,rating,retrieval_in_scanner,no,"match, mismatch",press keys,30,30,NA,"yes,no",press keys,192,24,Siemens Magnetom Trio TIM,3T,SPM12,"self, friend, stranger",Yin_2021_JNeurosci.txt
Yoshimura,Yamawaki,2009,The Journal of Neuroscience,1,Yoshimura_2009_BrainCogn,"Material processed with reference to oneself is more readily remembered, which is called the self-reference effect","self/negative > other/negative, self/negative > semantic/negative, self/positive > semantic/positive; self > other",self>stranger,trait_judgmnet,no,within,"self, other(Prime minister), semantic, letter",NA,NA,visual,traits,"positive, negative",judgment,NA,yes,"yes,no",press buttons,320,5,no,"yes,no",press buttons,208,NA,Magnex Eclipse Power Drive 250 MR scanner,1.5T,SPM2,"self, other, semantic",Yoshimura_2009_BrainCogn.txt
Yang,Han,2016,Brain and Cognition,1,Yang_2016_SciRep,NA,"self-Agree-self-Disagree, self–Friend, Reflected–self","self>celebrity,self>nonPerson",trait_judgmnet,no,within,"self, celebrity","self, social feedback",NA,visual,traits,"positive, negative",judgment,retrieval_out_scanner,yes,"not at all like me, most like me strongly disagree, strongly agree",press buttons,336,6,NA,NA,NA,NA,NA,Siemens TRIO MRI scanner,3T,NA,"self, celebrity",Yang_2016_Nature.txt
Zeng,Yang,2021,Journal of Personality,1,Zeng_2021_JournalPers,NA,"Personal self-worth > control, Relational self-worth > control , Collective self-worth >control",self>nonPerson,trait_judgmnet,yes,within,"personal, relational, and collective self-worth, control)",NA,NA,visual,statements,"personal, relational, collective or contro",rating,NA,yes,evaluation of agreement: 1-4/1-7,NA,160,40,NA,NA,NA,NA,NA,Siemens Trio scanner,3T,SPM12,"personal, relational, collective self-worth, control",Zeng_2021_JournalPers.txt
Zhang,Y.Zhu,2006,Science in China: Series C Life Sciences,1,Zhang_2006_SciChinaLifeSci_exp1,Self-reference effect is observed when the degree of self-reference of the to-be-remembered materials is varied.,"self > semantic, self > LuXun","self>celebrity,self>nonPerson",trait_judgmnet,no,within,"self, mother, semantic",NA,NA,visual,traits,"positive, negative",judgment,retrievalRK_out_scanner,yes,"yes,no, not sure",press buttons,108,9,no,"old, new",press buttons,168,NA,GE Signa Scanner,1.5T,SPM99,"self, mother, semantic",NA
Zhang,Y.Zhu,2006,Science in China: Series C Life Sciences,2,Zhang_2006_SciChinaLifeSci_exp2,Self-reference effect is observed when the degree of self-reference of the to-be-remembered materials is varied.,"self > semantic,self > Mother","self>close,self>nonPerson",trait_judgmnet,no,within,"self, mother, semantic",NA,NA,visual,traits,"positive, negative",judgment,retrievalRK_out_scanner,yes,"yes,no, not sure",press buttons,108,9,no,"old, new",press buttons,168,NA,GE Signa Scanner,1.5T,SPM99,"self, mother, semantic",NA
Zhang,Meer,2015,NeuroImage,1,Zhang_2015_Neurolmage,NA,"self > semantic, other > semantic",self>nonPerson,trait_judgment,no,within,"self, other, semantic",NA,NA,visual,statements,"postive, negative, mental, physical",judgment,NA,yes,"yes,no",press buttons,180,5,NA,NA,NA,NA,NA,Tesla whole body scanner,3T,SPM8,"self, other, semantic",NA
Abraham,Hermann,2013,Brain Imaging Behav,1,Abraham_2013_Brain Imaging Behav,NA,"social-self > social-other, health-self > health-other",self>celebrity,trait_judgment,yes,mixed,"self, other","non-high anxious control group (NC),high social anxiety group (HSA),high health anxiety group (HHA)","social-negative, health-negative, neutral",visual,sentences,"negative,neutral",judgment,NA,yes,"read-button,mistake-button",press buttons,228,NA,NA,NA,NA,NA,NA,whole-body tomography system,1.5T, LIPSIA,"self,other",Abraham_2013_BrainImagingBehav.txt
Bach,Leménager1,2021,European Archives of Psychiatry and Clinical Neuroscience,1,Bach_2021_ EurArchPsychiatryCliNeurosci,NA,self > familiar + unknown person,self>stranger,self_rating,yes,mixed,"self,a familiar person,an unknown person","healthy,Pathological gamers",NA,visual,video clip,NA,watch_calculate,NA,yes,NA,move the cursor,12,1,NA,NA,NA,NA,NA,SIEMENS MAGNETOM Trio,3T,"SPM12,Matlab12","self,a familiar person,an unknown person",Bach_2021_ EurArchPsychiatryCliNeurosci.txt
Beeney,Levy,2016,Personal Disorder,1,Beeney_2016_Personal Disorder,NA,self>other,self>close,trait_judgment,yes,mixed,"self, other","healthy control(HC),borderline personality disorder (BPD)","third perspective, first perspective",visual,sentences,NA,judgment,NA,yes,NA,NA,160,4,NA,NA,NA,NA,NA,Siemens Tim Trio scanner,3T,"AFNI, FSL 5.0.2 software","self, other",Beeney_2016_PersonalDisorder.txt
Belleau,Larson,2014,SCAN,1,Belleau_2014_SCAN,NA,NA,self>nonperson,trait_judgment,yes,mixed,"self focused, externally-focused","HC, MDD",NA,visual,statesments,neutral,judgment,NA,yes,NA,NA,90,NA,NA,NA,NA,NA,NA,short bore Signa Excite system,3T, AFNI,"self focused, externally-focused",Belleau_2014_SCAN.txt
Blair,Pine,2008,Arch Gen Psychiatry,1,Blair_2008_Arch Gen Psychiatry,NA,self>other,self>other,trait_judgmnet,yes,mixed,"self, other","healthy control(HC), Generalized social phobia (GSP) ","positive, negative, neutral",visual,comments,"positive,negative,neutral",judgment,NA,yes,NA,press a button,424,NA,NA,NA,NA,NA,NA,GE MRI scanner ,1.5T,AFNI,"self, other",Blair_2008_ArchGenPsychiatry.txt
Blair,Pine,2011,Psychiatry Res,1,Blair_2011_Psychiatry Research,NA,self>you,NA,self_calculation,yes,mixed,"first person, second person","general social phobia, healthy","negative, neutral,positive ",visual,comments,"positive,neutral,negative",watch_calculate,NA,yes,NA,press a button,192,NA,NA,NA,NA,NA,NA,GE,1.5T,AFNI,"self,you",Blair_2011_PsychiatryRes.txt
Bluhm,Lanius,2012, Acta Psychiatr Scand,1,Bluhm_2012_Acta psychiatrica Scandinavica,NA,SC>GF,self>nonperson,trait_judgment,yes,mixed,"self characteristics(SC),facts about themselves (SF),general facts (GF),other characteristics (OC),other facts (OF)","healthy control(HC), post-traumatic stress disorder (PTSD)  ",NA,visual,statement,"positive, negative",judgment,NA,yes,"yes,no",press buttons,180,60,NA,NA,NA,NA,NA,Tesla Varian Unity Inova,4T,SPM99,"self characteristics(SC),facts about themselves (SF),general facts (GF),other characteristics (OC),other facts (OF)",Bluhm_2012_ ActaPsychiatrScand.txt
Brown,Craske,2019,Psychiatry Res Neuroimaging,1,Brown_2019_Psychiatry Res Neuroimaging,NA,self>other,self>celebrity,self_calculation,yes,mixed,"self, other","healthy, SAD",NA,visual,video,NA,watch_calculate,NA,yes,NA,viewing,4,2,NA,NA,NA,NA,NA,Trio 3.0 Tesla MRI scanner,3.0T,SPM8,"self, other",Brown_2019_PsychiatryResNeuroimaging.txt
Collin,Whitfield-Gabrieli,2021,Front Psychiatry,1,Collin_2021_Front Psychiatry,NA,,self>nonperson,trait_judgment,no,mixed,"self-reference,semantic","Familial High Risk (FHR) for psychosis,healthy control (HC)","positive, negative",visual,trait words,"positive, negative",NA,NA,yes,"Semantic Condition:good,bad,Self-Reference Condition:me,not me
",press buttons,24,6,NA,NA,NA,NA,NA,Siemens Magnetom Trio 3T scanner,3T,FSL FEAT (FMRI Expert Analysis Tool) ,"self-reference,semantic",Collin_2021_FrontPsychiatry.txt
Desaunay,Guillery-Girard,2021,Neurocase,1,Desaunay_2021_Neurocase,NA,,self>nonperson,trait_judgment,yes,mixed,"self,other,semantic","Kleine-Levin patients,healthy controls",,visual,trait words,"positive,neutral,negative",NA,retrieval_out_scanner,yes,"yes,no",press buttons,144,NA,no,"yes,no",press buttons,168,NA,Philips Achieva 3 T MRI scanner ,3T,SPM5,"self,other,semantic",Desaunay_2021_Neurocase.txt
Finlayson-Short, Davey,2021,Neuroimage Clin,1,Finlayson-Short_2021_Neuroimage Clin,NA,"relate>eyes,relate very much>relate not at all",NA,face_judgment,yes,mixed,"active, control","healthy control(HC),Social anxiety disorder (SAD),major depressive disorder (MDD),Comorbid","happy, angry, neutral",visual,face pictures,"positive,neutral,negative",judgment,NA,yes,"rating,1-3",press buttons,72,NA,NA,NA,NA,NA,NA,General Electric Discovery MR750 system,3T,SPM,"relate,eyes",Finlayson-Short_2021_Neuroimage Clin.txt
Fuentes-Claramonte,Salvador,2020,NeuroImage: Clinical,2,Fuentes_2020_NeuroImageClinical ,NA,"self>facts,acquaintance>facts,acquaintance>self",self>nonPerson,trait_judgment,yes,mixed,"Self, Other(acquaintance), Facts (general knowledge)","Healthy,unhealthy",NA,visual,statement,"positive,negative",judgment,NA,yes,"yes,no",press button,54,18,NA,NA,NA,NA,NA,Philips Achieva,3T,FSL5.0,"Self, other(acquaintance), facts (general knowledge)",Fuentes_2020_NeuroImageClinical.txt
Furuichi,Suzuki,2019,Asian Journal of Psychiatry,1,Furuichi_2019_AsianJPsychiatr ,NA,"Self > Button,friend>button,(self>button)>(friend>button),(friend>button)>(self>button),","self>nonPerson,self>close",trait_judgment,yes,mixed,"[self-evaluation (SE),other-evaluation (OE),simple button press (SBP)]","healthy,schizophrenia",NA,visual,statement,NA,judgment,retrieval_out_scanner,yes,"yes,no",press buttons,90,5,no,"yes,no",press buttons,90,NA,"Magnetom Vision (Siemens Medical System, Erlangen, Germany)",1.5T,"SPM8,Matlab 7.7.0","self-evaluation (SE),other-evaluation (OE),simple button press (SBP)",Furuichi_2019_AsianJPsychiatr.txt
Gaubert,Chetelat,2017,J Alzheimers Dis,1,Gaubert_2017_J Alzheimers Dis,NA,self>semantic,self>nonperson,trait_judgment,no,mixed,"self,other,semantic","healthy control(HC),Traumatic Brain Injury (TBI) ",NA,visual,trait words,"negative,positive",judgment,retrieval_in_scanner,yes,"yes,no",press buttons,144,NA,yes,"yes,no",press buttons,168,NA,Achieva 297 scanner (Philips),3T,SPM8,"self,other,semantic",Gaubert_2017_J Alzheimers Dis.txt
Herold,Felix Bermpohl,2017,Journal of Affective Disorders,1,Herold_2017_JAffectiveDisorders ,NA,self-referential>non-self-referential,self>nonPerson and stranger,trait_judgment,yes,mixed,"Self-referential, non-self-referential","Healthy, Manic",NA,visual,non-erotic pictures,"positive,neutral,negative",judgment,retrieval_in_scanner,yes,"yes,no",Press buttons,160,40,yes,"yes,no",press buttons,80,NA,Siemens Sonata,1.5T,SPM 8,"self-referential, non-self-referential",Herold_2017_JAffectiveDisorders.txt
Kennedy,Courchesne,2008,SCAN,1,Kennedy_2008_Soc Cogn Affect Neurosci,NA,,,trait_judgment,yes,mixed,"self,other","healthy,ASD",NA,visual,statements,NA,judgment,retrieval_out_scanner,yes,"1.self and other condition:true,false
2. MATH condition:yes,no",press buttons,48,6,yes,NA,NA,NA,NA,esla GE Signa EXCITE scanner,3T,AFNI,"self,other",Kennedy_2008_SCAN.txt
Lemogne,Fossati,2009,SCAN,1,Lemogne_2009_SCAN,NA,NA,self>nonperson,trait_judgment,no,mixed,"self, general, control","healthy,depressed","positive,negative,neutral",visual,trait words,"positive,neutral,negative",judgment,retrieval_out_scanner,yes,"yes,no",press buttons,120,10,no,NA,NA,NA,NA,whole-body scanner,1.5-T,SPM5,"self,general,control",Lemogne_2009_SCAN.txt
Lombardo,Baron-Cohen,2010,Brain,1,Lombardo_2010_Brain ,NA,"Self>British Queen,(SM>SP)>(OM>OP)",self>celebrity,attractive_judgment,yes,within,"self,a familiar non-close other","Healthy,Autism","Mentalizing,Physical",visual,statement,"positive,negative",judgment,NA,yes," 1-4 (where 1 = not at all likely,4 = very likely)",press buttons,80,4,NA,NA,NA,NA,NA,GE Signa,3T,SPM5,"self,a familiar non-close other",Lombardo_2010_Brain.txt
Ma,Han,2011,Brain,1,Ma_2011_Brain_exp1 ,NA,Self>Other;Other>Valence;Valence>Rest;Rest>Valence;Self>Other;Other>Valence;Valence>Rest;Rest>Valence ,self>celebrity,trait_judgment,no,mixed,"self, other,valence-judgments","sighted control participants,congenitally blind participants",NA,auditory,trait words,"positive, negative",judgment,retrieval_out_scanner,yes,"yes,no",press buttons,162,9,no,"old,new",press buttons,120,NA,GE 3 T scanner,3T,SPM2,"self, other,valence-judgments",Ma_2011_Brain_exp1.txt
Makowski,Olivier Harvey ,2016,SCAN,1,Makowski_2016_SCAN,NA,"self(HSR)>other(HSR),self(LSR)>other(LSR),self(HSR+LSR)>other(HSR+LSR) ",self>stranger,trait_judgment,yes,mixed,"self,other","healthy controls(HC),schizophrenia(SZ)","High Social Reward(HSR),Low Social Reward(LSR),No Social Reward(NoSR)",visual,trait words,"positive,negative",judgment,retrieval_out_scanner,yes,"1-3,Highly desirable,Moderate,Not desirable",press buttons,180,,no,NA,NA,NA,NA,Magnetom MRI Scanner ,3T,SPM8 ,"self,other",Makowski_2016_SCAN.txt
McAdams,Krawczyk,2016,SCAN,1,McAdams_2016_SCAN ,NA,"Self>Friend, Self-Agree>Self-Disagree,self>reflected","self>nonPerson, self>close",trait_judgment,yes,mixed,"Self,friend,reflected","HC, AN-WR,AN-C",NA,visual,statement,"positive,neutral,negative",judgment,retrieval_in_scanner,yes,"agree,disagree",press button,144,16,yes,NA,NA,NA,NA,Philips Achieva,3T,"SPM8,Matlab 2012","self,friend,reflected",McAdams_2016_SCAN.txt
Murphy,Keshavan,2010,Schizophrenia Research,1,Murphy_2010_Schizophrenia Research,NA,self-evaluation>semantic positivity-evaluation,"self>nonPerson,self>close",trait_judgmnet,yes,mixed,"self-evaluation,other evaluation,semantic positivity-evaluation","SZ,HC",NA,visual,trait words,"positive, negative",judgment,NA,yes,"yes,no",press buttons,NA,NA,NA,NA,NA,NA,NA,Bruker MedSpec 4.0 Tesla system,4T,SPM2,"self-evaluation,other evaluation,semantic positivity-evaluation",Murphy_2010_SchiResearch.txt
Morita,Sadato,2016,Res Autism Spectr Disord,2,Morita_2016_Res Autism Spectr Disord,NA,self>other,self>stranger,self_rating,yes,mixed,"non-observation (NOB) , observation (OB)","healthy,ASD",NA,visual,face pictures,"attractive,unattractive",rating,retrievalRK_out_scanner,yes,"none at all (no embarrassment) ,strong(most embarrassed)",press buttons,196,,no,NA,NA,NA,NA,MR imager,3T,SPM8,"non-observation (NOB) , observation (OB)",Morita_2016_ResAutismSpectrDisord.txt
Nejad, Lemogne ,2019,J Affect Disord,1,Nejad_2019_J Affect Disord,NA,self>general,self>nonperson,trait_judgment,yes,mixed,"self,general,color","healthy control(HC),fully-remitted patients with major depressive disorder",NA,visual,comments,"negative,positive",judgment,retrieval_out_scanner,yes,"yes,no",press button,60,10,no,"yes,no",press buttons,80,NA,Siemens Trio 3T scanner,3T,SPM8,"self,general,color",Nejad_2019_JAffectDisord.txt
Pankow,Schlagenhauf,2015,Schiz Bulletin,1,Pankow_2016_Schizophr Bull,NA,"self>other,self>syllables","self>celebrity, self>nonperson",trait_judgment,yes,mixed,"self,other,syllables","Healthy Controls(HC),Individuals With Subclinical Delusional Ideation (PDI),Schizophrenia Patients(SZ)",NA,visual,trait words,neutral,judgment,NA,yes,"yes,no",press buttons,90,5,NA,NA,NA,NA,NA,Siemens Trio System MRI-Scanner ,3T,SPM8,"self,other,syllables",Pankow_2016_SchizophrBull.txt
Park,An,2020,Australian & New Zealand Journal of Psychiatry,1,Park_2020_AustNZJPsychiatry ,NA,"1PP<3PP, self>other",self>close,trait_judgmnet,yes,within,"self,other","perspective 1PP,perspective 3PP",NA,visual,trait words,NA,judgment,NA,yes,"relevance,1-4",press buttons,160,4,NA,NA,NA,NA,NA,Philips Medical System,3T,"SPM12,MATLAB,AlphaSim,AFNI18","self,other",Park_2020_AustNZJPsychiatry.txt
Pauly,Habel,2013, SCAN,1,Pauly_2013_SCAN ,NA,"self>lexical,self>other ","self>nonperson,self>close",trait_judgment,yes,mixed,"self,other,lexical","healthy control(HC), Schizophrenia（SZ）",NA,visual,trait words,"negative,positive",judgment,NA,yes,"yes,no",press buttons,18,3,NA,NA,NA,NA,NA,Phillips 3 T MR scanner ,3T,SPM5,"self,other,lexical",Pauly_2013_SCAN.txt
Quevedo,Oppenheimer,2016,J Abnorm Psychol,1,Quevedo_2016_J Abnorm Psychol,NA,,self>stranger,face_judgment,yes,mixed,"self,other","Healthy Control,Depressed Low Suicidality,Depressed High
Suicidalit","happy, sad,neutral",visual,face pictures,"happy, sad,neutral",NA,retrievalRK_out_scanner,yes,"yes,no",press buttons,150,NA,NA,NA,NA,NA,NA,Tesla Siemens Trio MRI,3T,SPM8,"self face, other face",Quevedo_2016_JAbnormPsychol.txt
Sarsam,Kinderman,2013,PLoS One,1,Sarsam_2013_PLoSOne ,NA,self>queen,self> celebrity,trait_judgment,yes,within,"Self,Queen,Case",NA,NA,visual,trait words,"positive,neutral,negative",judgment,NA,yes,"yes,no",press button,234,78,NA,NA,NA,NA,NA,"Siemens whole-body
  Trio",3T,"BrainVoyager software (Brain
  Innovation, Maastricht","self,queen,case",Sarsam_2013_PLoSOne.txt
Schmitz,Johnson,2006,Neuropsychologia,1,Schmitz_2006_Neuropsychologia,,SE>AVE,self>nonperson,trait_judgment,yes,mixed,"referential self-evaluation (SE), non-referential affective valence evaluation (AVE)"," healthy control(HC),Traumatic Brain Injury (TBI) ",NA,visual,trait words,"negative,positive",judgment,NA,yes,"yes,no",press buttons,60,30,NA,NA,NA,NA,NA,GE 3.0 T scanner ,3T,SPM2,"referential self-evaluation (SE), non-referential affective valence evaluation (AVE)",Schmitz_2006_Neuropsychologia.txt
Schneider, Eliez,2012,Dev Cogn Neurosci,2,Schneider_2012_Dev Cogn Neurosci,,,"self>nonPerson, self>celebrity",trait_judgment,,mixed,"self,best friend,Harry Potter,semantic",,"healthy controls,22q11DS patients",visual,trait words,"positive,negative",judgment,NA,yes,"yes,no",press buttons,160,40,NA,NA,NA,NA,NA,Siemens TIM Trio system,3T,SPM8,"self,best friend,Harry Potter,semantic",Schneider_2012_DevCognNeurosci.txt
Schroeter,Zysset,2010,Neuropsychologia,1,Schroeter_2010_Neuropsychologia,,evaluativ econdition>semantic condition,NA,trait_judgment,yes,mixed,"evaluative judgment, semantic memory retrieval","HC,DAI",NA,visual,sentences,"positive,negative",judgment,retrieval_out_scanner,yes,"yes,no",press buttons,240,60,no,NA,NA,NA,NA,Siemens TRIO,3T,LIPSIA,"evaluative judgment, semantic memory retrieval",Schroeter_2010_Neuropsychologia.txt
Shad,Keshavan,2015,Schizophr Res,1,Shad_2015_Schizophr Res,,SR>OR,self>stranger,trait_judgment/passive_view,yes,mixed,"self, other","healthy control(HC), schizophrenia(SZ ) ",NA,visual,sentences,NA,judgment,NA,yes,"yes,no",press buttons,80,4,NA,NA,NA,NA,NA,Philips 3.0 T Achieva system,3T,SPM5,"self, other",Shad_2015_SchizophrRes.txt
Shad, Tamminga,2012,Schizophr Res,1,Shad_2012_Schizophr Res,,,self>stranger,trait_judgment,yes,mixed,"self-referential(SR),other-referential(OR)","healthy, schizophrenia","self-direct,other-direct",visual,sentences,"Positive,Negative ",judgment,NA,yes,"yes,no",press buttons,32,4,NA,NA,NA,NA,NA,Philips 3.0 T Achieva system ,3T,SPM5,"self-referential(SR),other-referential(OR)",Shad_2012_SchizophrRes.txt
Vander Wyk,Pelphrey ,2014,Dev Cogn Neurosci,1,Vander Wyk_2014_Dev Cogn Neurosci,,,NA,trait_judgment,yes,mixed,"self, other,location","typically developing children,ASD childrens","positive, negative",visual,pictures,"positive, negative",NA,NA,yes,"good and inside,bad and outside",press buttons,60,4,NA,NA,NA,NA,NA,Siemens 3T Tim Trio scanner,3T,BrainVoyager QX 2.6,"self,other,location",Vander Wyk_2014_DevCognNeurosci.txt
Via,Menchon,2016,World J Biol Psychia,1,Via_2016_World J Biol Psychiatry,,self>other,self>stranger,trait_judgment,yes,mixed,"self,other","healthy control(HC),anorexia nervosa (AN)",NA,visual,video,NA,NA,NA,yes,NA,NA,72,6,NA,NA,NA,NA,NA,Signa Excite system,1.5T,SPM8,"self,other",Via_2016_WorldJBiolPsychiatry.txt
von Polier,Schulte-Rüther,2020,Front Psychiatry,1,von Polier_2020_Front Psychiatry,,,"self>other, self>stranger",trait_judgment,yes,mixed,"self,other","Conduct disorder(CD),typically developing controls(TDC)","sad,neutral,happy",visual,face pictures,"sad,neutral,happy",NA,NA,yes,"sad,neutral,happy",press buttons,72,13,NA,NA,NA,NA,NA,Tesla Trio-Tim system,3T,SPM12,"self,other",von Polier_2020_Front Psychiatry.txt
Xu,McAdams,2017,J Psychiatr Res,1,Xu_2017_J Psychiatr Res,,self>firend,self>close,trait_judgment,yes,mixed,"self,friend,reflected","healthy comparison,anorexia nervosa",NA,visual,sentences,"agree,disagree",judgment,NA,yes,"agree,disagree",press buttons,144,NA,NA,NA,NA,NA,NA,Philips Achieva MRI scanner,3T,SPM8,"self,friend,reflected",Xu_2017_JPsychiatrRes.txt
Yoshimura,Yamawaki,2014,SCAN,1,Yoshimura_2014_SCAN,,NA,NA,trait_judgmnet,yes,mixed,"self,other,semantic- processing,letter-processing","depressive patients ,healthy","positive, negative",visual,trait words,"positive, negative",judgment,NA,yes,"yes,no",press buttons,160,5,NA,NA,NA,NA,NA,"Symphony 1.5 T device (Siemens, Tokyo,
Japan)",1.5T,SPM8,"self,other,semantic- processing,letter-processing",Yoshimura_2014_SCAN.txt
Yoshimura, Shigetoyamawaki,2010,J Affect Disord,1,Yoshimura_2010_J Affect Disord,,,NA,trait_judgment,yes,mixed,"self,other,semantic","depressive patients ,healthy","positive, negative",visual,trait words,"positive, negative",judgment,NA,yes,"yes,no",press buttons,NA,5,NA,NA,NA,NA,NA,"Symphony 1.5 Tesla (Siemens, Tokyo, Japan) ",1.5T,SPM5,"self,other,semantic",Yoshimura_2010_JAffectDisord.txt
Zhang,Meer,2015,NeuroimageClin ,1,Zhang_2015_NeuroimageClin ,,,self>nonPerson,trait_judgment,yes,mixed,"self,other,semantic","bipolar disorder, schizophrenia, healthy",NA,visual,statement,"positive, negative",judgment,NA,yes,1-4(fully disagree-fully agree),press buttons,180,5,NA,NA,NA,NA,NA,Philips Intera,3T,"SPM 8,Matlab 7.13","self,other,semantic",Zhang_2015_NeuroimageClin.txt
Cui,Chen,2022,Prog Neuropsychopharmacol Biol Psychiatry,1,Cui_2022_Prog Neuropsychopharmacol Biol Psychiatry,,NA,NA,trait_judgment,yes,mixed,"positive traits, negative traits","Healthy controls(HC), Generalized anxiety disorder (GAD) ",NA,visual,trait words,"positive, negative",rating,NA,yes,"rating,-5-5,(extremely lower than average-extremely higher than average)",press button,60,20,NA,NA,NA,NA,NA,GE DISCOVERY MR750 scanner ,3T,PABI toolbox,"positive traits, negative traits",Cui_2022_ProgNeuropsychopharmacolBiolPsychiatry.txt
Fan,Tao,2023,Biomedicines,1,Fan_2023_Biomedicines,,NA,self>nonperson,trait_judgment,yes,mixed,"ONF,BCP,SNF,ODF","Healthy controls(HC), First-Episode Major Depressive Disorder (FEMDD) ",NA,visual,face pictures,"neutral, negative",judgment,NA,yes,NA,press button,60,5,NA,NA,NA,NA,NA,Siemens magnetic resonance apparatus ,3T,"MATLAB R2013b,DPABI,SPM12","ONF,BCP,SNF,ODF",Fan_2023_Biomedicines.txt
Hur,Cho,2021,JMIR Ment Health,1,Hur_2021_JMIR Ment Health,,NA,NA,trait_judgment,yes,mixed,"positive,neutral, negative ","healthy control(HC), social anxiety disorder (SAD)",NA,visual,trait words,"positive,neutral,negative",judgment,NA,yes,"not relevant,somewhat relevant,relevant",press button,80,40,NA,NA,NA,NA,NA,Siemens Tim trio,3T,SPM12,"positive,neutral,negative ",Hur_2021_JMIRMentHealth.txt
Vocks,Suchan,2010,J Psychiatry Neurosci ,1,Vocks_2010_J Psychiatry Neurosci,NA,Self > Other(IPL),Self > stranger,trait_judgment,Yes,mixed,"pictures of one's own body,pictures of others' bodies.","Anorexia Nervosa(AN),Bulimia
Nervosa(BN),Healthy control(HC)",NA,visual,picture,"Positive,Negative",judgment,NA,yes,NA,NA,96,6,NA,NA,NA,NA,NA,Symphony scanner (Siemens),1.5T,SPM5,"self,other",Vocks_2010_J Psychiatry Neurosci
Tan,Zhou,2015,Plos one,1,Tan_2015_Plos one,"Self-reference is equated with self-evaluation, defined as a conscious decision-making process about oneself (e.g., judging trait adjectives for self-description)","Self > Semantic valence,,Self > Other","self>nonperson, self>celebrity",trait_judgment,Yes,mixed,"Self-evaluation,Other-evaluation,Semantic valence evaluation","Healthy control,Schizophrenia","Positive,Negative",visual,sentence,"Positive,Negative",judgment,NA,yes,NA,press button,108,9,NA,NA,NA,NA,NA,GE/Elscint Prestige MRI,2T,SPM5,"Self-evaluation,Other-evaluation,Semantic valence evaluation",Tan_2015_Plos one
Shiota,Yamawaki,2016,Psychological Medicine,1,Shiota_2017_Psychol Med,"self-referential processing with other perspective is related to a person’s objective monitoring function (Davis et al. 1996; Galinsky & Ku, 2004)","
Self-perspective self-judgment > Control Conditions",self>nonperson,trait_judgment,Yes,mixed,"OS, OO, SS, SO -P/N,Cont","Intervention group (ubthreshold depression patients), no-treatment control (ubthreshold depression patients)",NA,visual,word,"Positive,Negative",judgment,NA,yes,NA,press button,NA,NA,NA,NA,NA,NA,NA,Siemens Verio 3.0T MRI scanner,3T,SPM8,"OS, OO, SS, SO -P/N,Cont",Shiota_2017_Psychol Med
Sachdev,Gulliford,2008,Neuropsychologia,1,Sachdev_2008_Neuropsychologia,NA,Self > Non-self,Self > Stranger,image_judgment,Yes,mixed,"self, non-self","Anorexia Nervosa,Healthy control",NA,visual,picture,Neutral,judgment,NA,yes,NA,NA,72,24,NA,NA,NA,NA,NA,"Philips INTERA system (Philips Medical Systems, 5680 DA Best, The Netherlands)",3T,SPM2,"self, non-self",Sachdev_2008_Neuropsychologia
Renner,Huibers ,2015,Journal of Affective Disorders,1,Renner_2015_J Affect Disord,"Patients with depression often show increased self-referential processing, defined as the experience of stimuli “as strongly related to one's own person” (Northoff, 2007, p.3)",self > other,self > nonperson,trait_judgment,yes,mixed,"Positive,General Negative,Negative Depression-related,Neutral,Non-words"," chronic major depressive disorder, Healthy control",NA,visual,word,"Negative,positive,genera,negative
depression related and neutral",judgment,NA,yes,NA,Press buttons,100,2,NA,NA,NA,NA,NA,Siemens Magnetom Allegra 3T scanner,3T,Brainvoyager QX v2.4,"Positive,General Negative,Negative Depression-related,Neutral,Non-words",Renner_2015_J Affect Disord
Pujol,Martı´n-Santos,2012,Psychological Medicine (2013),1,Pujol_2013_Psychol Med,NA,self＞other,self＞stranger,video_judgment,Yes,mixed,"self,other","Healthy control,autism spectrum disorder",NA,visual,video,neutral,judgment,NA,yes,NA,NA,6,3,NA,NA,NA,NA,NA,Signa Excite,1.5 T,SPM5,"self,other",Pujol_2013_Psychol Med
Pringle,Cooper,2011,Neuropsychologia 49 ,1,Pringle_2011_Neuropsychologia,NA,self>other,self>stranger,trait_judgment,Yes,mixed,"Eating disorder vocabulary,depression vocabulary ","bulimia nervosa ,Healthy control",NA,visual,word,Negative,judgment,NA,yes,"me,not me",MRI-compatible keypad,60,NA,NA,NA,NA,NA,NA,Siemens Sonata,1.5 T,FSL 5.98,"Eating disorder vocabulary,depression vocabulary ",Pringle_2011_Neuropsychologia
Komeda,Okazawa,2015,SCAN,1,Komeda_2015_Soc Cogn Affect Neurosci,NA,self>other,self>celebrity,trait_judgment,no,mixed,"self,other","Healthy control, autism spectrum disorder",NA,visual,statemetns,NA,judgment,NA,yes,"yes,no",Press buttons,192,32,NA,NA,NA,NA,NA,"MR imager (Signa Excite; General Electric Medical Systems, Milwaukee, WI)",3T,SPM 8,"self,other",Komeda_2015_Soc Cogn Affect Neurosci
Leménager,mann,2016,J Behav Addict,1,Leménager_2016_J Behav Addict,"an individual’s perception of her own skills, interests, desires, emotions, values, actions, and physical attractiveness","self>ideal,
self>avater",NA,trait_judgment,yes,mixed,"self, ideal, avatar","Healthy control, Internet addiction group",NA,visual,,NA,judgment,NA,yes,NA,NA,NA,NA,NA,NA,NA,NA,NA,"Trio, Siemens, Erlangen, Germany",3T,SPM 8,"self, ideal, avatar",Leménager_2016_J Behav Addict
Leménager,mann,2014,Addict Behav,1,Leménager_2014_Addict Behav,"The physical self-concept, one subdomain of the self-concept construct, can be investigated by the evaluation of one's own physical image (physical self-concept).",avatar>self,NA,trait_judgment,Yes,mixed,"self, the two unfamiliar persons, own avatar","Healthy control, Addicted MMORPG players",NA,visual,image,NA,judgment,NA,yes,"rating,0-10",NA,NA,NA,NA,NA,NA,NA,NA,"Siemens Magnetom Trio 3 T tomograph (Siemens AG Erlangen, Germany)",3T,SPM8 ,"self, the two unfamiliar persons, own avatar",Leménager_2014_Addict Behav
Li,Qiu,2017,Psychiatry Res Neuroimaging,1,Li_2017_Psychiatry Res Neuroimaging,"Self-referential processing concerns the appraisal of stimuli as strongly related to one's own person (Northoff et al., 2006a).",self>other,self>friend,image_judgment,Yes,mixed,"self-referential,semantic processing/other-referential","Healthy control,unipolar depressive patients","positive, negative",visual,trait word,"positive, negative",judgment,NA,yes,"yes,no",Press buttons,NA,NA,NA,NA,NA,NA,NA,"Siemens 3T scanner (Siemens Magnetom Trio TIM, Erlangen, Germany)",3T,SPM8,"self-referential,semantic processing/other-referential",Li_2017_Psychiatry Res Neuroimaging
Liu,Wexler,2014,Psychiatry Res,1,Liu_2014_Psychiatry Res,identify neural substrates related to self-representation,"self>mother,self>president","self>close,self>celebrity",trait_judgment,no,mixed,"self,mother,president","Healthy control,Schizophrenia","positive, negative",visual,trait,"positive, negative",judgment,NA,yes,"yes,no",Press buttons,80,10,NA,NA,NA,NA,NA,Siemens 3T scanner,3T,"SPM,R","self,mother,president",Liu_2014_Psychiatry Res
Miyake,Yamawakia,2010,Psychiatry Res,1,Miyake_2010_Psychiatry Res,NA,self body image>other body image,self>stranger,trait_judgment,Yes,mixed,"self body image,other body image","AN-R,AN-BP,BN,HC",NA,visual,image,NA,judgment,NA,yes,"Fat-image and thin-image tasks: judge which image is more unpleasant
real-image task: select the image that has the black cross",Press buttons,48,6,NA,NA,NA,NA,NA,"Siemens, Tokyo, Japan",,SPM5,"self body image,other body image",Miyake_2010_Psychiatry Res
Vinogradov,Simpson,2008,Cereb Cortex,1,Vinogradov_2008_Cereb Cortex,NA,self-generated items > externally presented items,self > nonperson,image_judgment,yes,mixed,"self-generated, externally perceived","Healthy control,Schizophrenia",NA,visual,sentence,NA,judgment,retrieval_out_scanner,yes,"read,write",NA,NA,NA,NA,NA,NA,NA,NA,"General Electric Signa LX 8.3 scanner (General Electric, Milwaukee, WI)",1.5T,SPM2,"self-generated, externally perceived",Vinogradov_2008_Cereb Cortex
Holt,Moran,2011,Biological Psychiatry,1,Holt_2011_Biological Psychiatry,NA,self > mother,self>close,trait_judgment,yes,mixed,"Positive,Negative","Healthy control,Schizophrenia","uppercase,lowercase",visual,adjective,"positive, negative",judgment,NA,yes,"yes,no",Press buttons,144,6,NA,NA,NA,NA,NA,Siemens TIM Trio magnetic resonance scanner,3T,SPM2,"Positive,Negative",Holt_2011_Biological Psychiatry
Dieter,Lemenager,2015,Behav Neurosci,1,Dieter_2015_Behav Neurosci,NA,"self > ideal, ideal > self",NA,trait_judgment,Yes,mixed,"self, ideal, Avatar","Nonaddicted gamers, Addicted MMORPG
players",NA,visual,statements,NA,judgment,NA,yes,rating scale from 1-7,rate,108,36,NA,NA,NA,NA,NA,whole-body tomograph,3T,SPM8,"self, ideal, Avatar",Dieter_2015_Behav Neurosci
Hashimoto,Kato,2017,Soc Neurosci,1,Hashimoto_2017_Soc Neurosci,NA,1P_Self + 3P_Self > 1P_Other + 3P_Other,self>close,trait_judgment,Yes,mixed,"self, other","Healthy control,autism spectrum disorder","first person, other person",visual,adjectives,"positive, negative",judgment,NA,yes,"agree,disagree",press a button,88,NA,NA,NA,NA,NA,NA,"GE Signa system (General Electric, Milwaukee, WI, U.S.A.)",1.5T,SPM8,"self, other",Hashimoto_2017_Soc Neurosci
Jimenez,Green,2018,Neuropsychologia,1,Jimenez_2018_Neuropsychologia,"Self-related processing comprises several conceptually related operations, including recognizing, reflecting on, and maintaining knowledge of the self",self>baseline,self>nonperson,trait_judgment,no,mixed,"self, other,case","Healthy control,Schizophrenia",NA,visual,adjectives,"positive, negative",judgment,retrieval_out_scanner,yes,"(""uppercase"" / ""lowercase"" ),
(""desirable"" or ""not desirable""),
(""me""or ""not me"")",press buttons,130,NA,no,"old, new",press buttons,260,NA,3T Siemens Tim Trio scanners,3T,"FMRIB Software Library (FSL v5.0.9; Analysis Group, Oxford, UK)","self, other,case",Jimenez_2018_Neuropsychologia
Kim,Kim,2018, Front Psychiatry,1,Kim_2018_Front Psychiatry,NA,actual self vs ideal self,NA,trait_judgment,yes,mixed,"actual self, ideal self","Internet gaming disorder,Healthy control","positive, negative",visual,sentences (trait adjectives),"positive, negative",judgment,NA,yes,"rating, 1-4",click buttons,96,8,NA,NA,NA,NA,NA,"3 Tesla scanner (Magnetom Verio, Siemens Medical Solutions, Erlangen, Germany)",3T,SPM12,"actual self, ideal self",Kim_2018_Front Psychiatry
van der Meer,Aleman,2013,Schizophr Bull,1,van der Meer_2013_Schizophr Bull,NA,"self > other, self > semantic","self > close, self > nonperson",trait_judgment,yes,mixed,"self, other, semantic","Healthy control,Schizophrenia",NA,visual,sentence,"positive, negative",judgment,NA,yes,1-4: fully disagree-fully agree,press buttons,NA,5,NA,NA,NA,NA,NA,"3.0 Tesla whole body scanner (Philips Intera, Best, NL)",3T,SPM 8,"self, other, semantic",van der Meer_2013_Schizophr Bull
Wagner,Schmidt,2003,Schizophr Bull,1,Wagner_2003_Schizophr Bull,NA,NA,NA,trait_judgment,yes,mixed,"target, non-target, neutral","Anorexia Nervosa,Healthy control",NA,visual,NA,NA,judgment,NA,yes,NA,NA,200,20,NA,NA,NA,NA,NA,,,,"target, non-target, neutral",Wagner_2003_Schizophr Bull
Girard,Menon,2016,J Behav Ther Exp Psychiatry,1,Girard_2016_J Behav Ther Exp Psychiatry,NA,NA,NA,trait_judgment,yes,mixed,"positive, neutral, negative","Healthy control,Schizophrenia",NA,visual,statements,"positive, neutral, negative",judgment,NA,yes,"rating, 0-10",NA,120,NA,NA,NA,NA,NA,NA,"a GE Signa 1.5 T scanner (General Electric, Waukesha, WI)",1.5T,"SPM5 (The Wellcome Department of Cognitive Neurology, London, UK)","positive, neutral, negative",Girard_2016_J Behav Ther Exp Psychiatry
Bedford,David,2012,BMC Psychiatry,1,Bedford_2012_BMC Psychiatry,NA,self-evaluation>other-evaluation,self > celebrity,trait_judgment,yes,mixed,"self, other, letter","Healthy control,Schizophrenia","positive , negative, mental illness, physical illness",visual,trait words,"positive, negative",judgment,NA,yes,"Yes/A bit, No, not at all",press buttons,72,9,NA,NA,NA,NA,NA,"GE Signa 1.5 T system (General Electric, Milwaukee WI, USA)",1.5T,XBAM,"self, other, letter",Bedford_2012_BMC Psychiatry
Blackwood,Howard,2004,Psychological Medicine,1,Blackwood_2004_Psychol Med,NA,self-relevance>other-relevance,self>stranger,trait_judgment,yes,mixed,"target, reference","Healthy control,Schizophrenia","neutral, threatrning",visual,statements,"neutral, threatening",judgment,NA,yes,"yes, no",press buttons,80,8,NA,NA,NA,NA,NA,"GE NV/i Signa LX Horizon system (General Electric, Milwaukee, WI, USA)",1.5T,SPM99,"target, reference",Blackwood_2004_Psychol Med
Castellini,Ricca,2012,Eur Psychiatry,1,Castellini_2013_Eur Psychiatry,NA,NA,NA,image_judgment,yes,mixed,"body, house","Anorexia Nervosa,Healthy control","normal, oversize, undersize",visual,pictures,NA,judgment,NA,yes,NA,look,60,20,NA,NA,NA,NA,NA,1.5-Tesla magnetic resonance system (Philips INTERA 1.5 T),1.5T,SPM 5,"body, house",Castellini_2013_Eur Psychiatry
Marchewka,Nowicka,2019,J Autism Dev Disord,1,Marchewka_2019_J Autism Dev Disord,The sense of self-continuity is related to autobiographical memory and it is based on the ability to consolidate different and temporally separated pieces of self-related information into one coherent whole (McAdams 2001; Conway 2005),NA,NA,trait_judgment,yes,mixed,"present-self, past-self, close-other","autism spectrum disorder, typically developing",NA,visual,questions and adjectives,"positive, negative",judgment,NA,yes,"yes, no",press buttons,216,72,NA,NA,NA,NA,NA,"3-Tesla MR scanner (Siemens Magnetom Trio TIM, Erlangen, Germany)",3T,SPM12b,"present-self, past-self, close-other",Marchewka_2019_J Autism Dev Disord